{
  "n_samples": 200,
  "n_hallucinated_gt": 100,
  "n_faithful_gt": 100,
  "hallucination_rate_gt": 0.5,
  "hallucination_rate_pred": 0.01,
  "threshold": 0.5,
  "avg_factscore": 0.8707475024975025,
  "std_factscore": 0.13768832652224136,
  "median_factscore": 0.9045454545454545,
  "avg_n_facts": 9.69,
  "roc_auc": 0.7056,
  "f1": 0.0196078431372549,
  "precision": 0.5,
  "recall": 0.01,
  "f1_macro": 0.34201868666929863,
  "precision_macro": 0.5,
  "recall_macro": 0.5,
  "accuracy": 0.5,
  "optimal_threshold": 0.9166666666666666,
  "optimal_f1": 0.6985645928023625,
  "optimal_precision": 0.6697247706422018,
  "optimal_recall": 0.73
}