lambda_ll,lambda_fs,faithfulness_mean,completeness_mean,coherence_mean,elapsed_mean,n,score
2.0,1.0,2.6,2.8,4.1,221.17233934402466,5,7.279999999999999
2.0,0.0,2.6,2.7,4.2,207.19942717552186,5,7.0200000000000005
0.0,1.0,2.6,2.7,3.8,262.0053187847137,5,7.0200000000000005
0.0,0.0,2.5,2.6,3.7,49.142031002044675,5,6.5
