{
  "roc_auc": 0.625,
  "f1": 0.7037037037037037,
  "precision": 0.5588235294117647,
  "recall": 0.95,
  "optimal_threshold": 0.32,
  "n_train": 160,
  "n_test": 40,
  "model": "facebook/opt-125m"
}