{
  "roc_auc": 0.62,
  "f1": 0.6923076923076923,
  "precision": 0.5625,
  "recall": 0.9,
  "optimal_threshold": 0.060000000000000005,
  "train_auc": 0.99078125,
  "test_auc": 0.62,
  "train_test_gap": 0.37078124999999995,
  "n_train": 160,
  "n_test": 40,
  "n_features": 336,
  "model": "Qwen/Qwen2.5-1.5B-Instruct",
  "chosen_C": 10.0,
  "n_nonzero_coef": 55,
  "accepted": false,
  "acceptance_min_test_auc": 0.62,
  "acceptance_max_train_test_gap": 0.1
}